id;nom;adresse;contact;profil;profil_content_type
1;en guise de;de façon que lors de;comporter hi;../fake-data/blob/hipster.png;image/png
2;biathlète parce que délégation;au-devant personnel professionnel vouh;glouglou turquoise personnel professionnel;../fake-data/blob/hipster.png;image/png
3;bon;d'avec assez;oups assister deçà;../fake-data/blob/hipster.png;image/png
4;de manière à ce que avant que;tendre déplacer lancer;afin que;../fake-data/blob/hipster.png;image/png
5;sans;vorace;vaste;../fake-data/blob/hipster.png;image/png
6;smack avant de financer;drôlement;désagréable;../fake-data/blob/hipster.png;image/png
7;sans que pour que;calme sourire tant;areu areu glouglou;../fake-data/blob/hipster.png;image/png
8;vers retourner grandement;auparavant;de crainte que partenaire;../fake-data/blob/hipster.png;image/png
9;adversaire;secouriste;miam;../fake-data/blob/hipster.png;image/png
10;jusque;vlan;au-devant miaou;../fake-data/blob/hipster.png;image/png
